Fabrication,Color,Description,Available as of 11/16,Discount %,Current Price,Discounted Price
Signature,Blue Iris,Blue Iris Bralette - L,24,25.00%,$45.00,$33.75
Signature,Blue Iris,Blue Iris Bralette - LP,0,25.00%,$45.00,$33.75
Signature,Blue Iris,Blue Iris Bralette - M,40,25.00%,$45.00,$33.75
Signature,Blue Iris,Blue Iris Bralette - MP,0,25.00%,$45.00,$33.75
Signature,Blue Iris,Blue Iris Bralette - S,73,25.00%,$45.00,$33.75
Signature,Blue Iris,Blue Iris Bralette - SP,1,25.00%,$45.00,$33.75
Signature,Blue Iris,Blue Iris Bralette - XL,-1,25.00%,$45.00,$33.75
Signature,Blue Iris,Blue Iris Bralette - XLP,0,25.00%,$45.00,$33.75
Signature,Blue Iris,Blue Iris Bralette - XS,12,25.00%,$45.00,$33.75
Signature,Blue Iris,Blue Iris Bralette - XSP,6,25.00%,$45.00,$33.75
Signature,Blue Opal,Blue Opal Bralette - L,111,30.00%,$45.00,$31.50
Signature,Blue Opal,Blue Opal Bralette - LP,23,30.00%,$45.00,$31.50
Signature,Blue Opal,Blue Opal Bralette - M,87,30.00%,$45.00,$31.50
Signature,Blue Opal,Blue Opal Bralette - MP,24,30.00%,$45.00,$31.50
Signature,Blue Opal,Blue Opal Bralette - S,210,30.00%,$45.00,$31.50
Signature,Blue Opal,Blue Opal Bralette - SP,19,30.00%,$45.00,$31.50
Signature,Blue Opal,Blue Opal Bralette - XL,60,30.00%,$45.00,$31.50
Signature,Blue Opal,Blue Opal Bralette - XLP,11,30.00%,$45.00,$31.50
Signature,Blue Opal,Blue Opal Bralette - XS,37,30.00%,$45.00,$31.50
Signature,Blue Opal,Blue Opal Bralette - XSP,20,30.00%,$45.00,$31.50
Signature,Keepsake Lilac,Keepsake Lilac Bralette - MP,-1,30.00%,$45.00,$31.50
Signature,Keepsake Lilac,Keepsake Lilac Bralette - S,0,30.00%,$45.00,$31.50
Signature,Keepsake Lilac,Keepsake Lilac Bralette - XSP,11,30.00%,$45.00,$31.50
Signature,Laurel Green,Laurel Green Bralette - L,0,0.00%,$45.00,$45.00
Signature,Laurel Green,Laurel Green Bralette - LP,0,0.00%,$45.00,$45.00
Signature,Laurel Green,Laurel Green Bralette - MP,7,0.00%,$45.00,$45.00
Signature,Laurel Green,Laurel Green Bralette - S,10,0.00%,$45.00,$45.00
Signature,Poppy Red,Poppy Red Bralette - L,135,40.00%,$45.00,$27.00
Signature,Poppy Red,Poppy Red Bralette - LP,16,40.00%,$45.00,$27.00
Signature,Poppy Red,Poppy Red Bralette - M,118,40.00%,$45.00,$27.00
Signature,Poppy Red,Poppy Red Bralette - MP,15,40.00%,$45.00,$27.00
Signature,Poppy Red,Poppy Red Bralette - S,85,40.00%,$45.00,$27.00
Signature,Poppy Red,Poppy Red Bralette - SP,22,40.00%,$45.00,$27.00
Signature,Poppy Red,Poppy Red Bralette - XL,54,40.00%,$45.00,$27.00
Signature,Poppy Red,Poppy Red Bralette - XLP,56,40.00%,$45.00,$27.00
Signature,Poppy Red,Poppy Red Bralette - XS,23,40.00%,$45.00,$27.00
Signature,Provincial Blue,Provincial Blue Bralette - L,-2,30.00%,$45.00,$31.50
Signature,Provincial Blue,Provincial Blue Bralette - LP,0,30.00%,$45.00,$31.50
Signature,Provincial Blue,Provincial Blue Bralette - M,0,30.00%,$45.00,$31.50
Signature,Provincial Blue,Provincial Blue Bralette - MP,1,30.00%,$45.00,$31.50
Signature,Provincial Blue,Provincial Blue Bralette - SP,12,30.00%,$45.00,$31.50
Signature,Provincial Blue,Provincial Blue Bralette - XLP,-1,30.00%,$45.00,$31.50
Signature,Provincial Blue,Provincial Blue Bralette - XS,6,30.00%,$45.00,$31.50
Cotton,Black,Black Cotton Bralette - L,110,25.00%,$45.00,$33.75
Cotton,Black,Black Cotton Bralette - LP,0,25.00%,$45.00,$33.75
Cotton,Black,Black Cotton Bralette - M,62,25.00%,$45.00,$33.75
Cotton,Black,Black Cotton Bralette - MP,1,25.00%,$45.00,$33.75
Cotton,Black,Black Cotton Bralette - S,74,25.00%,$45.00,$33.75
Cotton,Black,Black Cotton Bralette - SP,0,25.00%,$45.00,$33.75
Cotton,Black,Black Cotton Bralette - XL,0,25.00%,$45.00,$33.75
Cotton,Black,Black Cotton Bralette - XLP,58,25.00%,$45.00,$33.75
Cotton,Black,Black Cotton Bralette - XS,27,25.00%,$45.00,$33.75
Cotton,Black,Black Cotton Bralette - XSP,13,25.00%,$45.00,$33.75
Cotton,Blue Opal,Blue Opal Cotton Bralette - L,53,30.00%,$45.00,$31.50
Cotton,Blue Opal,Blue Opal Cotton Bralette - LP,0,30.00%,$45.00,$31.50
Cotton,Blue Opal,Blue Opal Cotton Bralette - M,69,30.00%,$45.00,$31.50
Cotton,Blue Opal,Blue Opal Cotton Bralette - MP,4,30.00%,$45.00,$31.50
Cotton,Blue Opal,Blue Opal Cotton Bralette - S,71,30.00%,$45.00,$31.50
Cotton,Blue Opal,Blue Opal Cotton Bralette - SP,1,30.00%,$45.00,$31.50
Cotton,Blue Opal,Blue Opal Cotton Bralette - XL,0,30.00%,$45.00,$31.50
Cotton,Blue Opal,Blue Opal Cotton Bralette - XLP,5,30.00%,$45.00,$31.50
Cotton,Blue Opal,Blue Opal Cotton Bralette - XS,6,30.00%,$45.00,$31.50
Cotton,Blue Opal,Blue Opal Cotton Bralette - XSP,12,30.00%,$45.00,$31.50
Cotton,Cadet,Cadet Cotton Bralette - XS,10,70.00%,$45.00,$13.50
Cotton,Cadet,Cadet Cotton Bralette - XSP,18,70.00%,$45.00,$13.50
Cotton,Fallen Rock,Fallen Rock Cotton Bralette - L,221,30.00%,$45.00,$31.50
Cotton,Fallen Rock,Fallen Rock Cotton Bralette - LP,23,30.00%,$45.00,$31.50
Cotton,Fallen Rock,Fallen Rock Cotton Bralette - M,129,30.00%,$45.00,$31.50
Cotton,Fallen Rock,Fallen Rock Cotton Bralette - MP,23,30.00%,$45.00,$31.50
Cotton,Fallen Rock,Fallen Rock Cotton Bralette - S,135,30.00%,$45.00,$31.50
Cotton,Fallen Rock,Fallen Rock Cotton Bralette - SP,32,30.00%,$45.00,$31.50
Cotton,Fallen Rock,Fallen Rock Cotton Bralette - XL,88,30.00%,$45.00,$31.50
Cotton,Fallen Rock,Fallen Rock Cotton Bralette - XLP,92,30.00%,$45.00,$31.50
Cotton,Fallen Rock,Fallen Rock Cotton Bralette - XS,39,30.00%,$45.00,$31.50
Cotton,Fallen Rock,Fallen Rock Cotton Bralette - XSP,42,30.00%,$45.00,$31.50
Cotton,Laurel Green,Laurel Green Cotton Bralette - L,120,40.00%,$45.00,$27.00
Cotton,Laurel Green,Laurel Green Cotton Bralette - LP,0,40.00%,$45.00,$27.00
Cotton,Laurel Green,Laurel Green Cotton Bralette - M,109,40.00%,$45.00,$27.00
Cotton,Laurel Green,Laurel Green Cotton Bralette - MP,7,40.00%,$45.00,$27.00
Cotton,Laurel Green,Laurel Green Cotton Bralette - S,97,40.00%,$45.00,$27.00
Cotton,Laurel Green,Laurel Green Cotton Bralette - SP,7,40.00%,$45.00,$27.00
Cotton,Laurel Green,Laurel Green Cotton Bralette - XL,26,40.00%,$45.00,$27.00
Cotton,Laurel Green,Laurel Green Cotton Bralette - XLP,42,40.00%,$45.00,$27.00
Cotton,Laurel Green,Laurel Green Cotton Bralette - XS,10,40.00%,$45.00,$27.00
Cotton,Laurel Green,Laurel Green Cotton Bralette - XSP,10,40.00%,$45.00,$27.00
Cotton,Rose Clay,Rose Clay Cotton Bralette - XS,0,70.00%,$45.00,$13.50
Cotton,Rose Clay,Rose Clay Cotton Bralette - XSP,10,70.00%,$45.00,$13.50
Cotton,Strawberry Ice,Strawberry Ice Cotton Bralette - L,0,70.00%,$45.00,$13.50
Cotton,Strawberry Ice,Strawberry Ice Cotton Bralette - LP,0,70.00%,$45.00,$13.50
Cotton,Strawberry Ice,Strawberry Ice Cotton Bralette - M,0,70.00%,$45.00,$13.50
Cotton,Strawberry Ice,Strawberry Ice Cotton Bralette - MP,12,70.00%,$45.00,$13.50
Cotton,Strawberry Ice,Strawberry Ice Cotton Bralette - S,15,70.00%,$45.00,$13.50
Cotton,Strawberry Ice,Strawberry Ice Cotton Bralette - SP,14,70.00%,$45.00,$13.50
Cotton,Strawberry Ice,Strawberry Ice Cotton Bralette - XL,2,70.00%,$45.00,$13.50
Cotton,Strawberry Ice,Strawberry Ice Cotton Bralette - XLP,0,70.00%,$45.00,$13.50
Cotton,Strawberry Ice,Strawberry Ice Cotton Bralette - XS,19,70.00%,$45.00,$13.50
Cotton,Strawberry Ice,Strawberry Ice Cotton Bralette - XSP,18,70.00%,$45.00,$13.50
Signature,Nude,Nude Bralette - L,-2,25.00%,$45.00,$33.75
Signature,Nude,Nude Bralette - M,0,25.00%,$45.00,$33.75
Signature,Nude,Nude Bralette - S,-7,25.00%,$45.00,$33.75
Signature,Nude,Nude Bralette - XL,208,25.00%,$45.00,$33.75
Signature,Nude,Nude Bralette - XS,-1,25.00%,$45.00,$33.75
Signature,Nude,Nude Bralette (Plus) - LP,-4,25.00%,$45.00,$33.75
Signature,Nude,Nude Bralette (Plus) - MP,-1,25.00%,$45.00,$33.75
Signature,Nude,Nude Bralette (Plus) - SP,0,25.00%,$45.00,$33.75
Signature,Nude,Nude Bralette (Plus) - XLP,328,25.00%,$45.00,$33.75
Signature,Nude,Nude Bralette (Plus) - XSP,-2,25.00%,$45.00,$33.75
Signature,Spotted Panther,Spotted Panther Bralette - L,74,25.00%,$48.00,$36.00
Signature,Spotted Panther,Spotted Panther Bralette - M,46,25.00%,$48.00,$36.00
Signature,Spotted Panther,Spotted Panther Bralette - MP,2,25.00%,$48.00,$36.00
Signature,Spotted Panther,Spotted Panther Bralette - S,90,25.00%,$48.00,$36.00
Signature,Spotted Panther,Spotted Panther Bralette - SP,6,25.00%,$48.00,$36.00
Signature,Spotted Panther,Spotted Panther Bralette - XL,0,25.00%,$48.00,$36.00
Signature,Spotted Panther,Spotted Panther Bralette - XLP,24,25.00%,$48.00,$36.00
Signature,Spotted Panther,Spotted Panther Bralette - XS,21,25.00%,$48.00,$36.00
Signature,Spotted Panther,Spotted Panther Bralette - XSP,22,25.00%,$48.00,$36.00
Signature,Blue Iris,Blue Iris Brief - L,-1,25.00%,$17.00,$12.75
Signature,Blue Iris,Blue Iris Brief - M,-2,25.00%,$17.00,$12.75
Signature,Blue Iris,Blue Iris Brief - S,18,25.00%,$17.00,$12.75
Signature,Blue Iris,Blue Iris Brief - XL,0,25.00%,$17.00,$12.75
Signature,Blue Iris,Blue Iris Brief - XS,15,25.00%,$17.00,$12.75
Signature,Blue Iris,Blue Iris Cheeky - 1X,0,25.00%,$17.00,$12.75
Signature,Blue Iris,Blue Iris Cheeky - 2X,1,25.00%,$17.00,$12.75
Signature,Blue Iris,Blue Iris Cheeky - L,-1,25.00%,$17.00,$12.75
Signature,Blue Iris,Blue Iris Cheeky - M,-1,25.00%,$17.00,$12.75
Signature,Blue Iris,Blue Iris Cheeky - S,0,25.00%,$17.00,$12.75
Signature,Blue Iris,Blue Iris Cheeky - XL,0,25.00%,$17.00,$12.75
Signature,Blue Iris,Blue Iris Cheeky - XS,0,25.00%,$17.00,$12.75
Signature,Blue Iris,Blue Iris Highwaisted - 1X,0,25.00%,$18.00,$13.50
Signature,Blue Iris,Blue Iris Highwaisted - 2X,0,25.00%,$18.00,$13.50
Signature,Blue Iris,Blue Iris Highwaisted - L,0,25.00%,$18.00,$13.50
Signature,Blue Iris,Blue Iris Highwaisted - M,0,25.00%,$18.00,$13.50
Signature,Blue Iris,Blue Iris Highwaisted - S,0,25.00%,$18.00,$13.50
Signature,Blue Iris,Blue Iris Highwaisted - XL,0,25.00%,$18.00,$13.50
Signature,Blue Iris,Blue Iris Highwaisted - XS,11,25.00%,$18.00,$13.50
Signature,Blue Opal,Blue Opal Bikini - 1X,3,30.00%,$17.00,$11.90
Signature,Blue Opal,Blue Opal Bikini - 2X,13,30.00%,$17.00,$11.90
Signature,Blue Opal,Blue Opal Bikini - 3X,23,30.00%,$17.00,$11.90
Signature,Blue Opal,Blue Opal Bikini - 4X,43,30.00%,$17.00,$11.90
Signature,Blue Opal,Blue Opal Bikini - L,112,30.00%,$17.00,$11.90
Signature,Blue Opal,Blue Opal Bikini - M,15,30.00%,$17.00,$11.90
Signature,Blue Opal,Blue Opal Bikini - S,0,30.00%,$17.00,$11.90
Signature,Blue Opal,Blue Opal Bikini - XL,49,30.00%,$17.00,$11.90
Signature,Blue Opal,Blue Opal Bikini - XS,10,30.00%,$17.00,$11.90
Signature,Blue Opal,Blue Opal Brief - L,121,30.00%,$17.00,$11.90
Signature,Blue Opal,Blue Opal Brief - M,76,30.00%,$17.00,$11.90
Signature,Blue Opal,Blue Opal Brief - S,77,30.00%,$17.00,$11.90
Signature,Blue Opal,Blue Opal Brief - XL,52,30.00%,$17.00,$11.90
Signature,Blue Opal,Blue Opal Brief - XS,66,30.00%,$17.00,$11.90
Signature,Blue Opal,Blue Opal Brief (Full Coverage) - 1X,0,30.00%,$17.00,$11.90
Signature,Blue Opal,Blue Opal Brief (Full Coverage) - 2X,25,30.00%,$17.00,$11.90
Signature,Blue Opal,Blue Opal Brief (Full Coverage) - 3X,0,30.00%,$17.00,$11.90
Signature,Blue Opal,Blue Opal Brief (Full Coverage) - 4X,9,30.00%,$17.00,$11.90
Signature,Blue Opal,Blue Opal Cheeky - 1X,0,30.00%,$17.00,$11.90
Signature,Blue Opal,Blue Opal Cheeky - 2X,0,30.00%,$17.00,$11.90
Signature,Blue Opal,Blue Opal Cheeky - 3X,5,30.00%,$17.00,$11.90
Signature,Blue Opal,Blue Opal Cheeky - 4X,17,30.00%,$17.00,$11.90
Signature,Blue Opal,Blue Opal Cheeky - L,0,30.00%,$17.00,$11.90
Signature,Blue Opal,Blue Opal Cheeky - M,0,30.00%,$17.00,$11.90
Signature,Blue Opal,Blue Opal Cheeky - S,0,30.00%,$17.00,$11.90
Signature,Blue Opal,Blue Opal Cheeky - XL,0,30.00%,$17.00,$11.90
Signature,Blue Opal,Blue Opal Cheeky - XS,0,30.00%,$17.00,$11.90
Signature,Blue Opal,Blue Opal Highwaisted - 1X,0,30.00%,$18.00,$12.60
Signature,Blue Opal,Blue Opal Highwaisted - 2X,28,30.00%,$18.00,$12.60
Signature,Blue Opal,Blue Opal Highwaisted - 3X,34,30.00%,$18.00,$12.60
Signature,Blue Opal,Blue Opal Highwaisted - 4X,25,30.00%,$18.00,$12.60
Signature,Blue Opal,Blue Opal Highwaisted - L,257,30.00%,$18.00,$12.60
Signature,Blue Opal,Blue Opal Highwaisted - M,189,30.00%,$18.00,$12.60
Signature,Blue Opal,Blue Opal Highwaisted - S,190,30.00%,$18.00,$12.60
Signature,Blue Opal,Blue Opal Highwaisted - XL,45,30.00%,$18.00,$12.60
Signature,Blue Opal,Blue Opal Highwaisted - XS,88,30.00%,$18.00,$12.60
Signature,Blue Opal,Blue Opal Highwaisted Thong - 1X,0,30.00%,$18.00,$12.60
Signature,Blue Opal,Blue Opal Highwaisted Thong - 2X,0,30.00%,$18.00,$12.60
Signature,Blue Opal,Blue Opal Highwaisted Thong - 3X,5,30.00%,$18.00,$12.60
Signature,Blue Opal,Blue Opal Highwaisted Thong - 4X,14,30.00%,$18.00,$12.60
Signature,Blue Opal,Blue Opal Seamless Tank - 1X,112,30.00%,$17.00,$11.90
Signature,Blue Opal,Blue Opal Seamless Tank - 2X,68,30.00%,$17.00,$11.90
Signature,Blue Opal,Blue Opal Seamless Tank - L,411,30.00%,$17.00,$11.90
Signature,Blue Opal,Blue Opal Seamless Tank - M,607,30.00%,$17.00,$11.90
Signature,Blue Opal,Blue Opal Seamless Tank - S,109,30.00%,$17.00,$11.90
Signature,Blue Opal,Blue Opal Seamless Tank - XL,242,30.00%,$17.00,$11.90
Signature,Blue Opal,Blue Opal Seamless Tank - XS,30,30.00%,$17.00,$11.90
Signature,Blue Opal,Blue Opal Thong - 1X,48,30.00%,$17.00,$11.90
Signature,Blue Opal,Blue Opal Thong - 2X,72,30.00%,$17.00,$11.90
Signature,Blue Opal,Blue Opal Thong - 3X,40,30.00%,$17.00,$11.90
Signature,Blue Opal,Blue Opal Thong - 4X,44,30.00%,$17.00,$11.90
Signature,Blue Opal,Blue Opal Thong - L,24,30.00%,$17.00,$11.90
Signature,Blue Opal,Blue Opal Thong - M,75,30.00%,$17.00,$11.90
Signature,Blue Opal,Blue Opal Thong - S,72,30.00%,$17.00,$11.90
Signature,Blue Opal,Blue Opal Thong - XL,95,30.00%,$17.00,$11.90
Signature,Blue Opal,Blue Opal Thong - XS,25,30.00%,$17.00,$11.90
Signature,Dark Palm,Dark Palm Brief - L,396,25.00%,$19.00,$14.25
Signature,Dark Palm,Dark Palm Brief - M,216,25.00%,$19.00,$14.25
Signature,Dark Palm,Dark Palm Brief - S,113,25.00%,$19.00,$14.25
Signature,Dark Palm,Dark Palm Brief - XL,0,25.00%,$19.00,$14.25
Signature,Dark Palm,Dark Palm Brief - XL (New),340,25.00%,$19.00,$14.25
Signature,Dark Palm,Dark Palm Brief - XS,31,25.00%,$19.00,$14.25
Signature,Dark Palm,Dark Palm Brief (Full Coverage) - 1X,111,25.00%,$19.00,$14.25
Signature,Dark Palm,Dark Palm Brief (Full Coverage) - 2X,0,25.00%,$19.00,$14.25
Signature,Dark Palm,Dark Palm Brief (Full Coverage) - 3X,18,25.00%,$19.00,$14.25
Signature,Dark Palm,Dark Palm Brief (Full Coverage) - 4X,12,25.00%,$19.00,$14.25
Signature,Dark Palm,Dark Palm Highwaisted - 1X,0,25.00%,$20.00,$15.00
Signature,Dark Palm,Dark Palm Highwaisted - 2X,1,25.00%,$20.00,$15.00
Signature,Dark Palm,Dark Palm Highwaisted - 3X,1,25.00%,$20.00,$15.00
Signature,Dark Palm,Dark Palm Highwaisted - 4X,0,25.00%,$20.00,$15.00
Signature,Dark Palm,Dark Palm Highwaisted - L,0,25.00%,$20.00,$15.00
Signature,Dark Palm,Dark Palm Highwaisted - M,0,25.00%,$20.00,$15.00
Signature,Dark Palm,Dark Palm Highwaisted - S,0,25.00%,$20.00,$15.00
Signature,Dark Palm,Dark Palm Highwaisted - XL,0,25.00%,$20.00,$15.00
Signature,Dark Palm,Dark Palm Highwaisted - XS,0,25.00%,$20.00,$15.00
Signature,Fjord Blue,Fjord Blue Brief - L,10,40.00%,$17.00,$10.20
Signature,Fjord Blue,Fjord Blue Brief - M,0,40.00%,$17.00,$10.20
Signature,Fjord Blue,Fjord Blue Brief - XL,206,40.00%,$17.00,$10.20
Signature,Fjord Blue,Fjord Blue Brief (Full Coverage) - 1X,34,40.00%,$17.00,$10.20
Signature,Fjord Blue,Fjord Blue Highwaisted - 4X,12,40.00%,$18.00,$10.80
Signature,Fjord Blue,Fjord Blue Highwaisted - L,-1,40.00%,$18.00,$10.80
Signature,Fjord Blue,Fjord Blue Highwaisted - M,112,40.00%,$18.00,$10.80
Signature,Fjord Blue,Fjord Blue Highwaisted - S,20,40.00%,$18.00,$10.80
Signature,Fjord Blue,Fjord Blue Highwaisted - XS,34,40.00%,$18.00,$10.80
Signature,Fjord Blue,Fjord Blue Thong - 1X,107,40.00%,$17.00,$10.20
Signature,Fjord Blue,Fjord Blue Thong - L,300,40.00%,$17.00,$10.20
Signature,Fjord Blue,Fjord Blue Thong - M,0,40.00%,$17.00,$10.20
Signature,Fjord Blue,Fjord Blue Thong - S,0,40.00%,$17.00,$10.20
Signature,Fjord Blue,Fjord Blue Thong - XL,154,40.00%,$17.00,$10.20
Signature,Keepsake Lilac,Keepsake Lilac Bikini - 1X,13,30.00%,$17.00,$11.90
Signature,Keepsake Lilac,Keepsake Lilac Bikini - 2X,7,30.00%,$17.00,$11.90
Signature,Keepsake Lilac,Keepsake Lilac Bikini - L,49,30.00%,$17.00,$11.90
Signature,Keepsake Lilac,Keepsake Lilac Bikini - M,0,30.00%,$17.00,$11.90
Signature,Keepsake Lilac,Keepsake Lilac Bikini - XL,36,30.00%,$17.00,$11.90
Signature,Keepsake Lilac,Keepsake Lilac Bikini - XS,42,30.00%,$17.00,$11.90
Signature,Keepsake Lilac,Keepsake Lilac Brief - L,85,30.00%,$17.00,$11.90
Signature,Keepsake Lilac,Keepsake Lilac Brief - M,195,30.00%,$17.00,$11.90
Signature,Keepsake Lilac,Keepsake Lilac Brief - S,132,30.00%,$17.00,$11.90
Signature,Keepsake Lilac,Keepsake Lilac Brief - XL,72,30.00%,$17.00,$11.90
Signature,Keepsake Lilac,Keepsake Lilac Brief - XS,63,30.00%,$17.00,$11.90
Signature,Keepsake Lilac,Keepsake Lilac Brief (Full Coverage) - 1X,2,30.00%,$17.00,$11.90
Signature,Keepsake Lilac,Keepsake Lilac Brief (Full Coverage) - 2X,3,30.00%,$17.00,$11.90
Signature,Keepsake Lilac,Keepsake Lilac Highwaisted - M,0,30.00%,$18.00,$12.60
Signature,Keepsake Lilac,Keepsake Lilac Highwaisted - S,17,30.00%,$18.00,$12.60
Signature,Keepsake Lilac,Keepsake Lilac Highwaisted - XS,41,30.00%,$18.00,$12.60
Signature,Laurel Green,Laurel Green Bikini - XL,6,0.00%,$17.00,$17.00
Signature,Laurel Green,Laurel Green Brief - L,0,0.00%,$17.00,$17.00
Signature,Laurel Green,Laurel Green Brief - M,0,0.00%,$17.00,$17.00
Signature,Laurel Green,Laurel Green Brief - S,12,0.00%,$17.00,$17.00
Signature,Laurel Green,Laurel Green Brief - XL,-2,0.00%,$17.00,$17.00
Signature,Laurel Green,Laurel Green Brief - XS,39,0.00%,$17.00,$17.00
Signature,Laurel Green,Laurel Green Cheeky - 1X,15,0.00%,$17.00,$17.00
Signature,Laurel Green,Laurel Green Cheeky - 2X,16,0.00%,$17.00,$17.00
Signature,Laurel Green,Laurel Green Cheeky - 3X,11,0.00%,$17.00,$17.00
Signature,Laurel Green,Laurel Green Cheeky - 4X,10,0.00%,$17.00,$17.00
Signature,Laurel Green,Laurel Green Cheeky - L,14,0.00%,$17.00,$17.00
Signature,Laurel Green,Laurel Green Cheeky - M,-5,0.00%,$17.00,$17.00
Signature,Laurel Green,Laurel Green Cheeky - XS,12,0.00%,$17.00,$17.00
Signature,Laurel Green,Laurel Green Highwaisted - 2X,0,0.00%,$18.00,$18.00
Signature,Laurel Green,Laurel Green Highwaisted - L,0,0.00%,$18.00,$18.00
Signature,Laurel Green,Laurel Green Highwaisted - M,40,0.00%,$18.00,$18.00
Signature,Laurel Green,Laurel Green Highwaisted - S,73,0.00%,$18.00,$18.00
Signature,Laurel Green,Laurel Green Highwaisted - XS,52,0.00%,$18.00,$18.00
Signature,Laurel Green,Laurel Green Thong - 1X,7,0.00%,$17.00,$17.00
Signature,Laurel Green,Laurel Green Thong - 2X,26,0.00%,$17.00,$17.00
Signature,Laurel Green,Laurel Green Thong - XL,33,0.00%,$17.00,$17.00
Signature,Lime Punch,Lime Punch Bikini - 1X,11,40.00%,$17.00,$10.20
Signature,Lime Punch,Lime Punch Bikini - 2X,18,40.00%,$17.00,$10.20
Signature,Lime Punch,Lime Punch Bikini - L,10,40.00%,$17.00,$10.20
Signature,Lime Punch,Lime Punch Bikini - M,0,40.00%,$17.00,$10.20
Signature,Lime Punch,Lime Punch Bikini - S,0,40.00%,$17.00,$10.20
Signature,Lime Punch,Lime Punch Bikini - XS,5,40.00%,$17.00,$10.20
Signature,Lime Punch,Lime Punch Brief - L,21,40.00%,$17.00,$10.20
Signature,Lime Punch,Lime Punch Brief - M,1,40.00%,$17.00,$10.20
Signature,Lime Punch,Lime Punch Brief - S,14,40.00%,$17.00,$10.20
Signature,Lime Punch,Lime Punch Brief - XL,7,40.00%,$17.00,$10.20
Signature,Lime Punch,Lime Punch Brief - XS,17,40.00%,$17.00,$10.20
Signature,Lime Punch,Lime Punch Brief (Full Coverage) - 2X,1,40.00%,$17.00,$10.20
Signature,Lime Punch,Lime Punch High Cut - 1X,16,40.00%,$17.00,$10.20
Signature,Lime Punch,Lime Punch High Cut - 2X,9,40.00%,$17.00,$10.20
Signature,Lime Punch,Lime Punch High Cut - L,25,40.00%,$17.00,$10.20
Signature,Lime Punch,Lime Punch High Cut - M,37,40.00%,$17.00,$10.20
Signature,Lime Punch,Lime Punch High Cut - S,16,40.00%,$17.00,$10.20
Signature,Lime Punch,Lime Punch High Cut - XL,0,40.00%,$17.00,$10.20
Signature,Lime Punch,Lime Punch High Cut - XS,23,40.00%,$17.00,$10.20
Signature,Lime Punch,Lime Punch Highwaisted - L,0,40.00%,$18.00,$10.80
Signature,Lime Punch,Lime Punch Highwaisted - M,7,40.00%,$18.00,$10.80
Signature,Lime Punch,Lime Punch Highwaisted - S,13,40.00%,$18.00,$10.80
Signature,Lime Punch,Lime Punch Highwaisted - XS,23,40.00%,$18.00,$10.80
Signature,Poppy Red,Poppy Red Bikini - 2X,1,40.00%,$17.00,$10.20
Signature,Poppy Red,Poppy Red Bikini - 3X,4,40.00%,$17.00,$10.20
Signature,Poppy Red,Poppy Red Bikini - 4X,28,40.00%,$17.00,$10.20
Signature,Poppy Red,Poppy Red Bikini - L,-4,40.00%,$17.00,$10.20
Signature,Poppy Red,Poppy Red Bikini - M,0,40.00%,$17.00,$10.20
Signature,Poppy Red,Poppy Red Bikini - S,0,40.00%,$17.00,$10.20
Signature,Poppy Red,Poppy Red Bikini - XL,1,40.00%,$17.00,$10.20
Signature,Poppy Red,Poppy Red Bikini - XS,25,40.00%,$17.00,$10.20
Signature,Poppy Red,Poppy Red Cheeky - 2X,28,40.00%,$17.00,$10.20
Signature,Poppy Red,Poppy Red Cheeky - 3X,7,40.00%,$17.00,$10.20
Signature,Poppy Red,Poppy Red Cheeky - L,1,40.00%,$17.00,$10.20
Signature,Poppy Red,Poppy Red Cheeky - M,0,40.00%,$17.00,$10.20
Signature,Poppy Red,Poppy Red Cheeky - S,6,40.00%,$17.00,$10.20
Signature,Poppy Red,Poppy Red Cheeky - XS,21,40.00%,$17.00,$10.20
Signature,Poppy Red,Poppy Red Highwaisted - 4X,2,40.00%,$18.00,$10.80
Signature,Poppy Red,Poppy Red Highwaisted - L,0,40.00%,$18.00,$10.80
Signature,Poppy Red,Poppy Red Highwaisted - M,50,40.00%,$18.00,$10.80
Signature,Poppy Red,Poppy Red Highwaisted - S,47,40.00%,$18.00,$10.80
Signature,Poppy Red,Poppy Red Highwaisted - XL,0,40.00%,$18.00,$10.80
Signature,Poppy Red,Poppy Red Highwaisted - XS,52,40.00%,$18.00,$10.80
Signature,Provincial Blue,Provincial Blue Bikini - 1X,3,30.00%,$17.00,$11.90
Signature,Provincial Blue,Provincial Blue Bikini - 2X,2,30.00%,$17.00,$11.90
Signature,Provincial Blue,Provincial Blue Bikini - 3X,12,30.00%,$17.00,$11.90
Signature,Provincial Blue,Provincial Blue Bikini - 4X,18,30.00%,$17.00,$11.90
Signature,Provincial Blue,Provincial Blue Bikini - XL,18,30.00%,$17.00,$11.90
Signature,Provincial Blue,Provincial Blue Brief - L,237,30.00%,$17.00,$11.90
Signature,Provincial Blue,Provincial Blue Brief - M,106,30.00%,$17.00,$11.90
Signature,Provincial Blue,Provincial Blue Brief - S,104,30.00%,$17.00,$11.90
Signature,Provincial Blue,Provincial Blue Brief - XL,164,30.00%,$17.00,$11.90
Signature,Provincial Blue,Provincial Blue Brief - XS,77,30.00%,$17.00,$11.90
Signature,Provincial Blue,Provincial Blue Highwaisted - M,0,30.00%,$18.00,$12.60
Signature,Provincial Blue,Provincial Blue Highwaisted - S,16,30.00%,$18.00,$12.60
Signature,Provincial Blue,Provincial Blue Highwaisted - XS,33,30.00%,$18.00,$12.60
Signature,Provincial Blue,Provincial Blue Thong - 1X,52,30.00%,$17.00,$11.90
Signature,Provincial Blue,Provincial Blue Thong - 2X,54,30.00%,$17.00,$11.90
Signature,Provincial Blue,Provincial Blue Thong - 3X,25,30.00%,$17.00,$11.90
Signature,Provincial Blue,Provincial Blue Thong - 4X,23,30.00%,$17.00,$11.90
Signature,Provincial Blue,Provincial Blue Thong - XL,13,30.00%,$17.00,$11.90
Signature,Sleek Tiger,Sleek Tiger Bikini - 1X,142,40.00%,$19.00,$11.40
Signature,Sleek Tiger,Sleek Tiger Bikini - 2X,111,40.00%,$19.00,$11.40
Signature,Sleek Tiger,Sleek Tiger Bikini - 3X,40,40.00%,$19.00,$11.40
Signature,Sleek Tiger,Sleek Tiger Bikini - 4X,31,40.00%,$19.00,$11.40
Signature,Sleek Tiger,Sleek Tiger Bikini - L,262,40.00%,$19.00,$11.40
Signature,Sleek Tiger,Sleek Tiger Bikini - M,79,40.00%,$19.00,$11.40
Signature,Sleek Tiger,Sleek Tiger Bikini - S,0,40.00%,$19.00,$11.40
Signature,Sleek Tiger,Sleek Tiger Bikini - XL,320,40.00%,$19.00,$11.40
Signature,Sleek Tiger,Sleek Tiger Brief - L,280,40.00%,$19.00,$11.40
Signature,Sleek Tiger,Sleek Tiger Brief - M,322,40.00%,$19.00,$11.40
Signature,Sleek Tiger,Sleek Tiger Brief - S,45,40.00%,$19.00,$11.40
Signature,Sleek Tiger,Sleek Tiger Brief - XL,274,40.00%,$19.00,$11.40
Signature,Sleek Tiger,Sleek Tiger Brief (Full Coverage) - 1X,175,40.00%,$19.00,$11.40
Signature,Sleek Tiger,Sleek Tiger Brief (Full Coverage) - 4X,177,40.00%,$19.00,$11.40
Signature,Sleek Tiger,Sleek Tiger Highwaisted - 1X,2,40.00%,$20.00,$12.00
Signature,Sleek Tiger,Sleek Tiger Highwaisted - L,126,40.00%,$20.00,$12.00
Signature,Sleek Tiger,Sleek Tiger Highwaisted - M,67,40.00%,$20.00,$12.00
Signature,Sleek Tiger,Sleek Tiger Highwaisted - S,10,40.00%,$20.00,$12.00
Signature,Sleek Tiger,Sleek Tiger Highwaisted - XL,0,40.00%,$20.00,$12.00
Signature,Sleek Tiger,Sleek Tiger Highwaisted - XS,8,40.00%,$20.00,$12.00
Signature,Sleek Tiger,Sleek Tiger Thong - 1X,220,40.00%,$19.00,$11.40
Signature,Sleek Tiger,Sleek Tiger Thong - 2X,122,40.00%,$19.00,$11.40
Signature,Sleek Tiger,Sleek Tiger Thong - 3X,68,40.00%,$19.00,$11.40
Signature,Sleek Tiger,Sleek Tiger Thong - L,150,40.00%,$19.00,$11.40
Signature,Sleek Tiger,Sleek Tiger Thong - M,122,40.00%,$19.00,$11.40
Signature,Sleek Tiger,Sleek Tiger Thong - S,91,40.00%,$19.00,$11.40
Signature,Sleek Tiger,Sleek Tiger Thong - XL,148,40.00%,$19.00,$11.40
Signature,Spotted Panther,Spotted Panther Brief - L,37,25.00%,$19.00,$14.25
Signature,Spotted Panther,Spotted Panther Brief - M,33,25.00%,$19.00,$14.25
Signature,Spotted Panther,Spotted Panther Brief - S,13,25.00%,$19.00,$14.25
Signature,Spotted Panther,Spotted Panther Brief - XL,0,25.00%,$19.00,$14.25
Signature,Spotted Panther,Spotted Panther Brief - XS,20,25.00%,$19.00,$14.25
Signature,Spotted Panther,Spotted Panther Highwaisted - 1X,0,25.00%,$20.00,$15.00
Signature,Spotted Panther,Spotted Panther Highwaisted - 2X,0,25.00%,$20.00,$15.00
Signature,Spotted Panther,Spotted Panther Highwaisted - L,0,25.00%,$20.00,$15.00
Signature,Spotted Panther,Spotted Panther Highwaisted - M,19,25.00%,$20.00,$15.00
Signature,Spotted Panther,Spotted Panther Highwaisted - S,20,25.00%,$20.00,$15.00
Signature,Spotted Panther,Spotted Panther Highwaisted - XL,0,25.00%,$20.00,$15.00
Signature,Spotted Panther,Spotted Panther Highwaisted - XS,17,25.00%,$20.00,$15.00
Signature,Sunkissed,Sunkissed Brief - L,14,0.00%,$17.00,$17.00
Signature,Sunkissed,Sunkissed Brief - M,0,0.00%,$17.00,$17.00
Signature,Sunkissed,Sunkissed Brief - XL,115,0.00%,$17.00,$17.00
Signature,Sunkissed,Sunkissed Brief - XS,83,0.00%,$17.00,$17.00
Signature,Sunkissed,Sunkissed Brief (Full Coverage) - 2X,1,0.00%,$17.00,$17.00
Signature,Sunkissed,Sunkissed Brief (Full Coverage) - 3X,5,0.00%,$17.00,$17.00
Signature,Sunkissed,Sunkissed Brief (Full Coverage) - 4X,96,0.00%,$17.00,$17.00
Signature,Sunkissed,Sunkissed Highwaisted - 2X,0,0.00%,$18.00,$18.00
Signature,Sunkissed,Sunkissed Highwaisted - XS,53,0.00%,$18.00,$18.00
Signature,Sunkissed,Sunkissed Thong - 3X,0,0.00%,$17.00,$17.00
Signature,Sunkissed,Sunkissed Thong - 4X,13,0.00%,$17.00,$17.00
Signature,Sunkissed,Sunkissed Thong - L,78,0.00%,$17.00,$17.00
Signature,Sunkissed,Sunkissed Thong - M,-2,0.00%,$17.00,$17.00
Signature,Sunkissed,Sunkissed Thong - S,0,0.00%,$17.00,$17.00
Signature,Sunkissed,Sunkissed Thong - XL,136,0.00%,$17.00,$17.00
Cotton,Black,Black Cotton Bikini - 1X,58,25.00%,$17.00,$12.75
Cotton,Black,Black Cotton Bikini - 2X,25,25.00%,$17.00,$12.75
Cotton,Black,Black Cotton Bikini - L,95,25.00%,$17.00,$12.75
Cotton,Black,Black Cotton Bikini - M,153,25.00%,$17.00,$12.75
Cotton,Black,Black Cotton Bikini - S,75,25.00%,$17.00,$12.75
Cotton,Black,Black Cotton Bikini - XL,64,25.00%,$17.00,$12.75
Cotton,Black,Black Cotton Bikini - XS,30,25.00%,$17.00,$12.75
Cotton,Black,Black Cotton Brief - 1X,37,25.00%,$17.00,$12.75
Cotton,Black,Black Cotton Brief - 2X,40,25.00%,$17.00,$12.75
Cotton,Black,Black Cotton Brief - L,90,25.00%,$17.00,$12.75
Cotton,Black,Black Cotton Brief - M,148,25.00%,$17.00,$12.75
Cotton,Black,Black Cotton Brief - S,117,25.00%,$17.00,$12.75
Cotton,Black,Black Cotton Brief - XL,17,25.00%,$17.00,$12.75
Cotton,Black,Black Cotton Brief - XS,27,25.00%,$17.00,$12.75
Cotton,Black,Black Cotton Thong - L,0,25.00%,$17.00,$12.75
Cotton,Black,Black Cotton Thong - M,0,25.00%,$17.00,$12.75
Cotton,Black,Black Cotton Thong - S,3,25.00%,$17.00,$12.75
Cotton,Black,Black Cotton Thong - XL,3,25.00%,$17.00,$12.75
Cotton,Black,Black Cotton Thong - XS,0,25.00%,$17.00,$12.75
Cotton,Blue Opal,Blue Opal Cotton Bikini - 1X,8,30.00%,$17.00,$11.90
Cotton,Blue Opal,Blue Opal Cotton Bikini - 2X,12,30.00%,$17.00,$11.90
Cotton,Blue Opal,Blue Opal Cotton Bikini - L,76,30.00%,$17.00,$11.90
Cotton,Blue Opal,Blue Opal Cotton Bikini - M,97,30.00%,$17.00,$11.90
Cotton,Blue Opal,Blue Opal Cotton Bikini - S,49,30.00%,$17.00,$11.90
Cotton,Blue Opal,Blue Opal Cotton Bikini - XL,10,30.00%,$17.00,$11.90
Cotton,Blue Opal,Blue Opal Cotton Bikini - XS,11,30.00%,$17.00,$11.90
Cotton,Blue Opal,Blue Opal Cotton Brief - 1X,0,30.00%,$17.00,$11.90
Cotton,Blue Opal,Blue Opal Cotton Brief - 2X,1,30.00%,$17.00,$11.90
Cotton,Blue Opal,Blue Opal Cotton Brief - L,79,30.00%,$17.00,$11.90
Cotton,Blue Opal,Blue Opal Cotton Brief - M,87,30.00%,$17.00,$11.90
Cotton,Blue Opal,Blue Opal Cotton Brief - S,69,30.00%,$17.00,$11.90
Cotton,Blue Opal,Blue Opal Cotton Brief - XL,0,30.00%,$17.00,$11.90
Cotton,Blue Opal,Blue Opal Cotton Brief - XS,12,30.00%,$17.00,$11.90
Cotton,Cadet,Cadet Cotton Bikini - 1X,42,70.00%,$17.00,$5.10
Cotton,Cadet,Cadet Cotton Bikini - 2X,19,70.00%,$17.00,$5.10
Cotton,Cadet,Cadet Cotton Bikini - 3X,17,70.00%,$17.00,$5.10
Cotton,Cadet,Cadet Cotton Bikini - 4X,23,70.00%,$17.00,$5.10
Cotton,Cadet,Cadet Cotton Bikini - L,0,70.00%,$17.00,$5.10
Cotton,Cadet,Cadet Cotton Bikini - XL,38,70.00%,$17.00,$5.10
Cotton,Cadet,Cadet Cotton Bikini - XS,2,70.00%,$17.00,$5.10
Cotton,Cadet,Cadet Cotton Brief - 1X,4,70.00%,$17.00,$5.10
Cotton,Cadet,Cadet Cotton Brief - 2X,0,70.00%,$17.00,$5.10
Cotton,Cadet,Cadet Cotton Brief - 3X,12,70.00%,$17.00,$5.10
Cotton,Cadet,Cadet Cotton Brief - 4X,9,70.00%,$17.00,$5.10
Cotton,Cadet,Cadet Cotton Brief - L,4,70.00%,$17.00,$5.10
Cotton,Cadet,Cadet Cotton Brief - M,5,70.00%,$17.00,$5.10
Cotton,Cadet,Cadet Cotton Brief - S,-1,70.00%,$17.00,$5.10
Cotton,Cadet,Cadet Cotton Brief - XL,0,70.00%,$17.00,$5.10
Cotton,Cadet,Cadet Cotton Brief - XS,1,70.00%,$17.00,$5.10
Cotton,Cadet,Cadet Cotton Thong - 1X,21,70.00%,$17.00,$5.10
Cotton,Cadet,Cadet Cotton Thong - 2X,21,70.00%,$17.00,$5.10
Cotton,Cadet,Cadet Cotton Thong - 3X,23,70.00%,$17.00,$5.10
Cotton,Cadet,Cadet Cotton Thong - 4X,23,70.00%,$17.00,$5.10
Cotton,Cadet,Cadet Cotton Thong - L,19,70.00%,$17.00,$5.10
Cotton,Cadet,Cadet Cotton Thong - M,0,70.00%,$17.00,$5.10
Cotton,Cadet,Cadet Cotton Thong - S,0,70.00%,$17.00,$5.10
Cotton,Cadet,Cadet Cotton Thong - XL,1,70.00%,$17.00,$5.10
Cotton,Cadet,Cadet Cotton Thong - XS,6,70.00%,$17.00,$5.10
Cotton,Fallen Rock,Fallen Rock Cotton Bikini - 1X,73,30.00%,$17.00,$11.90
Cotton,Fallen Rock,Fallen Rock Cotton Bikini - 2X,43,30.00%,$17.00,$11.90
Cotton,Fallen Rock,Fallen Rock Cotton Bikini - 3X,11,30.00%,$17.00,$11.90
Cotton,Fallen Rock,Fallen Rock Cotton Bikini - 4X,11,30.00%,$17.00,$11.90
Cotton,Fallen Rock,Fallen Rock Cotton Bikini - L,89,30.00%,$17.00,$11.90
Cotton,Fallen Rock,Fallen Rock Cotton Bikini - M,92,30.00%,$17.00,$11.90
Cotton,Fallen Rock,Fallen Rock Cotton Bikini - S,26,30.00%,$17.00,$11.90
Cotton,Fallen Rock,Fallen Rock Cotton Bikini - XL,80,30.00%,$17.00,$11.90
Cotton,Fallen Rock,Fallen Rock Cotton Bikini - XS,26,30.00%,$17.00,$11.90
Cotton,Fallen Rock,Fallen Rock Cotton Brief - 1X,46,30.00%,$17.00,$11.90
Cotton,Fallen Rock,Fallen Rock Cotton Brief - 2X,27,30.00%,$17.00,$11.90
Cotton,Fallen Rock,Fallen Rock Cotton Brief - 3X,4,30.00%,$17.00,$11.90
Cotton,Fallen Rock,Fallen Rock Cotton Brief - 4X,7,30.00%,$17.00,$11.90
Cotton,Fallen Rock,Fallen Rock Cotton Brief - L,86,30.00%,$17.00,$11.90
Cotton,Fallen Rock,Fallen Rock Cotton Brief - M,111,30.00%,$17.00,$11.90
Cotton,Fallen Rock,Fallen Rock Cotton Brief - S,85,30.00%,$17.00,$11.90
Cotton,Fallen Rock,Fallen Rock Cotton Brief - XL,75,30.00%,$17.00,$11.90
Cotton,Fallen Rock,Fallen Rock Cotton Brief - XS,19,30.00%,$17.00,$11.90
Cotton,Fallen Rock,Fallen Rock Cotton Thong - 1X,23,30.00%,$17.00,$11.90
Cotton,Fallen Rock,Fallen Rock Cotton Thong - 2X,18,30.00%,$17.00,$11.90
Cotton,Fallen Rock,Fallen Rock Cotton Thong - 3X,25,30.00%,$17.00,$11.90
Cotton,Fallen Rock,Fallen Rock Cotton Thong - 4X,24,30.00%,$17.00,$11.90
Cotton,Fallen Rock,Fallen Rock Cotton Thong - L,14,30.00%,$17.00,$11.90
Cotton,Fallen Rock,Fallen Rock Cotton Thong - M,0,30.00%,$17.00,$11.90
Cotton,Fallen Rock,Fallen Rock Cotton Thong - S,1,30.00%,$17.00,$11.90
Cotton,Fallen Rock,Fallen Rock Cotton Thong - XL,14,30.00%,$17.00,$11.90
Cotton,Fallen Rock,Fallen Rock Cotton Thong - XS,2,30.00%,$17.00,$11.90
Cotton,Laurel Green,Laurel Green Cotton Bikini - 1X,9,40.00%,$17.00,$10.20
Cotton,Laurel Green,Laurel Green Cotton Bikini - 2X,7,40.00%,$17.00,$10.20
Cotton,Laurel Green,Laurel Green Cotton Bikini - L,151,40.00%,$17.00,$10.20
Cotton,Laurel Green,Laurel Green Cotton Bikini - M,190,40.00%,$17.00,$10.20
Cotton,Laurel Green,Laurel Green Cotton Bikini - S,76,40.00%,$17.00,$10.20
Cotton,Laurel Green,Laurel Green Cotton Bikini - XL,32,40.00%,$17.00,$10.20
Cotton,Laurel Green,Laurel Green Cotton Bikini - XS,18,40.00%,$17.00,$10.20
Cotton,Laurel Green,Laurel Green Cotton Brief - 1X,0,40.00%,$17.00,$10.20
Cotton,Laurel Green,Laurel Green Cotton Brief - 2X,3,40.00%,$17.00,$10.20
Cotton,Laurel Green,Laurel Green Cotton Brief - L,167,40.00%,$17.00,$10.20
Cotton,Laurel Green,Laurel Green Cotton Brief - M,185,40.00%,$17.00,$10.20
Cotton,Laurel Green,Laurel Green Cotton Brief - S,117,40.00%,$17.00,$10.20
Cotton,Laurel Green,Laurel Green Cotton Brief - XL,24,40.00%,$17.00,$10.20
Cotton,Laurel Green,Laurel Green Cotton Brief - XS,17,40.00%,$17.00,$10.20
Cotton,Rose Clay,Rose Clay Cotton Bikini - 1X,44,70.00%,$17.00,$5.10
Cotton,Rose Clay,Rose Clay Cotton Bikini - 2X,23,70.00%,$17.00,$5.10
Cotton,Rose Clay,Rose Clay Cotton Bikini - 3X,16,70.00%,$17.00,$5.10
Cotton,Rose Clay,Rose Clay Cotton Bikini - 4X,24,70.00%,$17.00,$5.10
Cotton,Rose Clay,Rose Clay Cotton Bikini - L,3,70.00%,$17.00,$5.10
Cotton,Rose Clay,Rose Clay Cotton Bikini - M,6,70.00%,$17.00,$5.10
Cotton,Rose Clay,Rose Clay Cotton Bikini - XL,23,70.00%,$17.00,$5.10
Cotton,Rose Clay,Rose Clay Cotton Bikini - XS,2,70.00%,$17.00,$5.10
Cotton,Rose Clay,Rose Clay Cotton Brief - 1X,3,70.00%,$17.00,$5.10
Cotton,Rose Clay,Rose Clay Cotton Brief - 2X,4,70.00%,$17.00,$5.10
Cotton,Rose Clay,Rose Clay Cotton Brief - 3X,8,70.00%,$17.00,$5.10
Cotton,Rose Clay,Rose Clay Cotton Brief - 4X,20,70.00%,$17.00,$5.10
Cotton,Rose Clay,Rose Clay Cotton Brief - S,1,70.00%,$17.00,$5.10
Cotton,Rose Clay,Rose Clay Cotton Brief - XL,1,70.00%,$17.00,$5.10
Cotton,Rose Clay,Rose Clay Cotton Brief - XS,0,70.00%,$17.00,$5.10
Cotton,Rose Clay,Rose Clay Cotton Thong - 1X,22,70.00%,$17.00,$5.10
Cotton,Rose Clay,Rose Clay Cotton Thong - 2X,22,70.00%,$17.00,$5.10
Cotton,Rose Clay,Rose Clay Cotton Thong - 3X,22,70.00%,$17.00,$5.10
Cotton,Rose Clay,Rose Clay Cotton Thong - 4X,24,70.00%,$17.00,$5.10
Cotton,Rose Clay,Rose Clay Cotton Thong - L,8,70.00%,$17.00,$5.10
Cotton,Rose Clay,Rose Clay Cotton Thong - M,-1,70.00%,$17.00,$5.10
Cotton,Rose Clay,Rose Clay Cotton Thong - S,0,70.00%,$17.00,$5.10
Cotton,Rose Clay,Rose Clay Cotton Thong - XL,0,70.00%,$17.00,$5.10
Cotton,Rose Clay,Rose Clay Cotton Thong - XS,6,70.00%,$17.00,$5.10
Cotton,Strawberry Ice,Strawberry Ice Cotton Bikini - 1X,24,70.00%,$17.00,$5.10
Cotton,Strawberry Ice,Strawberry Ice Cotton Bikini - 2X,15,70.00%,$17.00,$5.10
Cotton,Strawberry Ice,Strawberry Ice Cotton Bikini - L,-1,70.00%,$17.00,$5.10
Cotton,Strawberry Ice,Strawberry Ice Cotton Bikini - M,0,70.00%,$17.00,$5.10
Cotton,Strawberry Ice,Strawberry Ice Cotton Bikini - S,0,70.00%,$17.00,$5.10
Cotton,Strawberry Ice,Strawberry Ice Cotton Bikini - XL,0,70.00%,$17.00,$5.10
Cotton,Strawberry Ice,Strawberry Ice Cotton Bikini - XS,16,70.00%,$17.00,$5.10
Cotton,Strawberry Ice,Strawberry Ice Cotton Brief - 1X,10,70.00%,$17.00,$5.10
Cotton,Strawberry Ice,Strawberry Ice Cotton Brief - 2X,3,70.00%,$17.00,$5.10
Cotton,Strawberry Ice,Strawberry Ice Cotton Brief - L,0,70.00%,$17.00,$5.10
Cotton,Strawberry Ice,Strawberry Ice Cotton Brief - M,7,70.00%,$17.00,$5.10
Cotton,Strawberry Ice,Strawberry Ice Cotton Brief - S,16,70.00%,$17.00,$5.10
Cotton,Strawberry Ice,Strawberry Ice Cotton Brief - XL,1,70.00%,$17.00,$5.10
Cotton,Strawberry Ice,Strawberry Ice Cotton Brief - XS,15,70.00%,$17.00,$5.10
Signature,Nude,Nude Bikini - 1X,"1,103",25.00%,$17.00,$12.75
Signature,Nude,Nude Bikini - 2X,"1,414",25.00%,$17.00,$12.75
Signature,Nude,Nude Bikini - 3X,362,25.00%,$17.00,$12.75
Signature,Nude,Nude Bikini - 4X,742,25.00%,$17.00,$12.75
Signature,Nude,Nude Bikini - L,941,25.00%,$17.00,$12.75
Signature,Nude,Nude Bikini - M,"1,087",25.00%,$17.00,$12.75
Signature,Nude,Nude Bikini - S,237,25.00%,$17.00,$12.75
Signature,Nude,Nude Bikini - XL,415,25.00%,$17.00,$12.75
Signature,Nude,Nude Bikini - XS,269,25.00%,$17.00,$12.75
Signature,Nude,Nude Brief - L,863,25.00%,$17.00,$12.75
Signature,Nude,Nude Brief - M,596,25.00%,$17.00,$12.75
Signature,Nude,Nude Brief - S,383,25.00%,$17.00,$12.75
Signature,Nude,Nude Brief (Full Coverage) - 1X,0,25.00%,$17.00,$12.75
Signature,Nude,Nude Brief (Full Coverage) - 2X,609,25.00%,$17.00,$12.75
Signature,Nude,Nude Brief (Full Coverage) - 3X,71,25.00%,$17.00,$12.75
Signature,Nude,Nude Brief (Full Coverage) - 4X,238,25.00%,$17.00,$12.75
Signature,Nude,Nude Cheeky - 1X,90,25.00%,$17.00,$12.75
Signature,Nude,Nude Cheeky - 2X,80,25.00%,$17.00,$12.75
Signature,Nude,Nude Cheeky - 3X,96,25.00%,$17.00,$12.75
Signature,Nude,Nude Cheeky - 4X,172,25.00%,$17.00,$12.75
Signature,Nude,Nude Cheeky - M,880,25.00%,$17.00,$12.75
Signature,Nude,Nude Cheeky - S,347,25.00%,$17.00,$12.75
Signature,Nude,Nude Cheeky - XS,273,25.00%,$17.00,$12.75
Signature,Nude,Nude Highwaisted - 1X,0,25.00%,$18.00,$13.50
Signature,Nude,Nude Highwaisted - 2X,69,25.00%,$18.00,$13.50
Signature,Nude,Nude Highwaisted - 3X,45,25.00%,$18.00,$13.50
Signature,Nude,Nude Highwaisted - 4X,43,25.00%,$18.00,$13.50
Signature,Nude,Nude Highwaisted - L,195,25.00%,$18.00,$13.50
Signature,Nude,Nude Highwaisted - M,294,25.00%,$18.00,$13.50
Signature,Nude,Nude Highwaisted - S,275,25.00%,$18.00,$13.50
Signature,Nude,Nude Highwaisted - XL,152,25.00%,$18.00,$13.50
Signature,Nude,Nude Highwaisted - XS,75,25.00%,$18.00,$13.50
Signature,Nude,Nude Highwaisted Thong - 1X,0,25.00%,$18.00,$13.50
Signature,Nude,Nude Highwaisted Thong - 2X,25,25.00%,$18.00,$13.50
Signature,Nude,Nude Highwaisted Thong - 3X,45,25.00%,$18.00,$13.50
Signature,Nude,Nude Highwaisted Thong - 4X,139,25.00%,$18.00,$13.50
Signature,Nude,Nude Highwaisted Thong - L,29,25.00%,$18.00,$13.50
Signature,Nude,Nude Highwaisted Thong - M,0,25.00%,$18.00,$13.50
Signature,Nude,Nude Highwaisted Thong - S,25,25.00%,$18.00,$13.50
Signature,Nude,Nude Highwaisted Thong - XL,0,25.00%,$18.00,$13.50
Signature,Nude,Nude Highwaisted Thong - XS,44,25.00%,$18.00,$13.50
Signature,Nude,Nude Thong - 1X,155,25.00%,$17.00,$12.75
Signature,Nude,Nude Thong - 2X,269,25.00%,$17.00,$12.75
Signature,Nude,Nude Thong - 3X,527,25.00%,$17.00,$12.75
Signature,Nude,Nude Thong - 4X,318,25.00%,$17.00,$12.75
Signature,Nude,Nude Thong - L,19,25.00%,$17.00,$12.75
Signature,Nude,Nude Thong - M,268,25.00%,$17.00,$12.75
Signature,Nude,Nude Thong - S,239,25.00%,$17.00,$12.75